"player_name","probability"
"Nikola Jokić",0.54203462600708
"Shai Gilgeous-Alexander",0.352591335773468
"Luka Dončić",0.0439157858490944
"Giannis Antetokounmpo",0.0410817004740238
"Cade Cunningham",0.0269623436033726
"Victor Wembanyama",0.00388112897053361
"Donovan Mitchell",0.0069593982771039
"Tyrese Maxey",0.00207331241108477
"Alperen Sengun",0.000301415333524346
"Jalen Johnson",0.00029729786911048
